﻿"LOCATION","INDICATOR","SUBJECT","MEASURE","FREQUENCY","TIME","Value","Flag Codes"
"USA","CCI","AMPLITUD","LTRENDIDX","M","1991-08",99.41351,
"USA","CCI","AMPLITUD","LTRENDIDX","M","1991-09",99.18605,
"USA","CCI","AMPLITUD","LTRENDIDX","M","1991-10",98.6448,
"USA","CCI","AMPLITUD","LTRENDIDX","M","1991-11",97.97397,
"USA","CCI","AMPLITUD","LTRENDIDX","M","1991-12",97.57927,
"USA","CCI","AMPLITUD","LTRENDIDX","M","1992-01",97.52389,
"USA","CCI","AMPLITUD","LTRENDIDX","M","1992-02",97.80234,
"USA","CCI","AMPLITUD","LTRENDIDX","M","1992-03",98.30194,
"USA","CCI","AMPLITUD","LTRENDIDX","M","1992-04",98.69883,
"USA","CCI","AMPLITUD","LTRENDIDX","M","1992-05",98.9248,
"USA","CCI","AMPLITUD","LTRENDIDX","M","1992-06",98.93145,
"USA","CCI","AMPLITUD","LTRENDIDX","M","1992-07",98.73277,
"USA","CCI","AMPLITUD","LTRENDIDX","M","1992-08",98.55943,
"USA","CCI","AMPLITUD","LTRENDIDX","M","1992-09",98.54751,
"USA","CCI","AMPLITUD","LTRENDIDX","M","1992-10",98.84467,
"USA","CCI","AMPLITUD","LTRENDIDX","M","1992-11",99.55495,
"USA","CCI","AMPLITUD","LTRENDIDX","M","1992-12",100.133,
"USA","CCI","AMPLITUD","LTRENDIDX","M","1993-01",100.2842,
"USA","CCI","AMPLITUD","LTRENDIDX","M","1993-02",100.1522,
"USA","CCI","AMPLITUD","LTRENDIDX","M","1993-03",99.93929,
"USA","CCI","AMPLITUD","LTRENDIDX","M","1993-04",99.67572,
"USA","CCI","AMPLITUD","LTRENDIDX","M","1993-05",99.33904,
"USA","CCI","AMPLITUD","LTRENDIDX","M","1993-06",99.07722,
"USA","CCI","AMPLITUD","LTRENDIDX","M","1993-07",98.83395,
"USA","CCI","AMPLITUD","LTRENDIDX","M","1993-08",98.77159,
"USA","CCI","AMPLITUD","LTRENDIDX","M","1993-09",98.91032,
"USA","CCI","AMPLITUD","LTRENDIDX","M","1993-10",99.23087,
"USA","CCI","AMPLITUD","LTRENDIDX","M","1993-11",99.6162,
"USA","CCI","AMPLITUD","LTRENDIDX","M","1993-12",100.1754,
"USA","CCI","AMPLITUD","LTRENDIDX","M","1994-01",100.6569,
"USA","CCI","AMPLITUD","LTRENDIDX","M","1994-02",100.8289,
"USA","CCI","AMPLITUD","LTRENDIDX","M","1994-03",100.8166,
"USA","CCI","AMPLITUD","LTRENDIDX","M","1994-04",100.7826,
"USA","CCI","AMPLITUD","LTRENDIDX","M","1994-05",100.7112,
"USA","CCI","AMPLITUD","LTRENDIDX","M","1994-06",100.5897,
"USA","CCI","AMPLITUD","LTRENDIDX","M","1994-07",100.5067,
"USA","CCI","AMPLITUD","LTRENDIDX","M","1994-08",100.5593,
"USA","CCI","AMPLITUD","LTRENDIDX","M","1994-09",100.6401,
"USA","CCI","AMPLITUD","LTRENDIDX","M","1994-10",100.7477,
"USA","CCI","AMPLITUD","LTRENDIDX","M","1994-11",100.8784,
"USA","CCI","AMPLITUD","LTRENDIDX","M","1994-12",101.0802,
"USA","CCI","AMPLITUD","LTRENDIDX","M","1995-01",101.1741,
"USA","CCI","AMPLITUD","LTRENDIDX","M","1995-02",101.0221,
"USA","CCI","AMPLITUD","LTRENDIDX","M","1995-03",100.7693,
"USA","CCI","AMPLITUD","LTRENDIDX","M","1995-04",100.6597,
"USA","CCI","AMPLITUD","LTRENDIDX","M","1995-05",100.6452,
"USA","CCI","AMPLITUD","LTRENDIDX","M","1995-06",100.7904,
"USA","CCI","AMPLITUD","LTRENDIDX","M","1995-07",100.9246,
"USA","CCI","AMPLITUD","LTRENDIDX","M","1995-08",100.8858,
"USA","CCI","AMPLITUD","LTRENDIDX","M","1995-09",100.6148,
"USA","CCI","AMPLITUD","LTRENDIDX","M","1995-10",100.4357,
"USA","CCI","AMPLITUD","LTRENDIDX","M","1995-11",100.3467,
"USA","CCI","AMPLITUD","LTRENDIDX","M","1995-12",100.3742,
"USA","CCI","AMPLITUD","LTRENDIDX","M","1996-01",100.3928,
"USA","CCI","AMPLITUD","LTRENDIDX","M","1996-02",100.4741,
"USA","CCI","AMPLITUD","LTRENDIDX","M","1996-03",100.6397,
"USA","CCI","AMPLITUD","LTRENDIDX","M","1996-04",100.6724,
"USA","CCI","AMPLITUD","LTRENDIDX","M","1996-05",100.6488,
"USA","CCI","AMPLITUD","LTRENDIDX","M","1996-06",100.7723,
"USA","CCI","AMPLITUD","LTRENDIDX","M","1996-07",100.9537,
"USA","CCI","AMPLITUD","LTRENDIDX","M","1996-08",101.0903,
"USA","CCI","AMPLITUD","LTRENDIDX","M","1996-09",101.1935,
"USA","CCI","AMPLITUD","LTRENDIDX","M","1996-10",101.3325,
"USA","CCI","AMPLITUD","LTRENDIDX","M","1996-11",101.4506,
"USA","CCI","AMPLITUD","LTRENDIDX","M","1996-12",101.468,
"USA","CCI","AMPLITUD","LTRENDIDX","M","1997-01",101.5257,
"USA","CCI","AMPLITUD","LTRENDIDX","M","1997-02",101.6597,
"USA","CCI","AMPLITUD","LTRENDIDX","M","1997-03",101.8107,
"USA","CCI","AMPLITUD","LTRENDIDX","M","1997-04",101.998,
"USA","CCI","AMPLITUD","LTRENDIDX","M","1997-05",102.2097,
"USA","CCI","AMPLITUD","LTRENDIDX","M","1997-06",102.4025,
"USA","CCI","AMPLITUD","LTRENDIDX","M","1997-07",102.5323,
"USA","CCI","AMPLITUD","LTRENDIDX","M","1997-08",102.5353,
"USA","CCI","AMPLITUD","LTRENDIDX","M","1997-09",102.5477,
"USA","CCI","AMPLITUD","LTRENDIDX","M","1997-10",102.5399,
"USA","CCI","AMPLITUD","LTRENDIDX","M","1997-11",102.5189,
"USA","CCI","AMPLITUD","LTRENDIDX","M","1997-12",102.483,
"USA","CCI","AMPLITUD","LTRENDIDX","M","1998-01",102.6565,
"USA","CCI","AMPLITUD","LTRENDIDX","M","1998-02",102.842,
"USA","CCI","AMPLITUD","LTRENDIDX","M","1998-03",102.8506,
"USA","CCI","AMPLITUD","LTRENDIDX","M","1998-04",102.8262,
"USA","CCI","AMPLITUD","LTRENDIDX","M","1998-05",102.7137,
"USA","CCI","AMPLITUD","LTRENDIDX","M","1998-06",102.5784,
"USA","CCI","AMPLITUD","LTRENDIDX","M","1998-07",102.4236,
"USA","CCI","AMPLITUD","LTRENDIDX","M","1998-08",102.205,
"USA","CCI","AMPLITUD","LTRENDIDX","M","1998-09",101.9315,
"USA","CCI","AMPLITUD","LTRENDIDX","M","1998-10",101.7768,
"USA","CCI","AMPLITUD","LTRENDIDX","M","1998-11",101.883,
"USA","CCI","AMPLITUD","LTRENDIDX","M","1998-12",102.0455,
"USA","CCI","AMPLITUD","LTRENDIDX","M","1999-01",102.3178,
"USA","CCI","AMPLITUD","LTRENDIDX","M","1999-02",102.5544,
"USA","CCI","AMPLITUD","LTRENDIDX","M","1999-03",102.5945,
"USA","CCI","AMPLITUD","LTRENDIDX","M","1999-04",102.5891,
"USA","CCI","AMPLITUD","LTRENDIDX","M","1999-05",102.6386,
"USA","CCI","AMPLITUD","LTRENDIDX","M","1999-06",102.6512,
"USA","CCI","AMPLITUD","LTRENDIDX","M","1999-07",102.5881,
"USA","CCI","AMPLITUD","LTRENDIDX","M","1999-08",102.5182,
"USA","CCI","AMPLITUD","LTRENDIDX","M","1999-09",102.5065,
"USA","CCI","AMPLITUD","LTRENDIDX","M","1999-10",102.4831,
"USA","CCI","AMPLITUD","LTRENDIDX","M","1999-11",102.617,
"USA","CCI","AMPLITUD","LTRENDIDX","M","1999-12",102.803,
"USA","CCI","AMPLITUD","LTRENDIDX","M","2000-01",103.0639,
"USA","CCI","AMPLITUD","LTRENDIDX","M","2000-02",103.1237,
"USA","CCI","AMPLITUD","LTRENDIDX","M","2000-03",103.0322,
"USA","CCI","AMPLITUD","LTRENDIDX","M","2000-04",103.0112,
"USA","CCI","AMPLITUD","LTRENDIDX","M","2000-05",102.9826,
"USA","CCI","AMPLITUD","LTRENDIDX","M","2000-06",102.8708,
"USA","CCI","AMPLITUD","LTRENDIDX","M","2000-07",102.8329,
"USA","CCI","AMPLITUD","LTRENDIDX","M","2000-08",102.7935,
"USA","CCI","AMPLITUD","LTRENDIDX","M","2000-09",102.7371,
"USA","CCI","AMPLITUD","LTRENDIDX","M","2000-10",102.6139,
"USA","CCI","AMPLITUD","LTRENDIDX","M","2000-11",102.3284,
"USA","CCI","AMPLITUD","LTRENDIDX","M","2000-12",101.7291,
"USA","CCI","AMPLITUD","LTRENDIDX","M","2001-01",101.1352,
"USA","CCI","AMPLITUD","LTRENDIDX","M","2001-02",100.7011,
"USA","CCI","AMPLITUD","LTRENDIDX","M","2001-03",100.5138,
"USA","CCI","AMPLITUD","LTRENDIDX","M","2001-04",100.4763,
"USA","CCI","AMPLITUD","LTRENDIDX","M","2001-05",100.6158,
"USA","CCI","AMPLITUD","LTRENDIDX","M","2001-06",100.7055,
"USA","CCI","AMPLITUD","LTRENDIDX","M","2001-07",100.6079,
"USA","CCI","AMPLITUD","LTRENDIDX","M","2001-08",100.2655,
"USA","CCI","AMPLITUD","LTRENDIDX","M","2001-09",99.77229,
"USA","CCI","AMPLITUD","LTRENDIDX","M","2001-10",99.59445,
"USA","CCI","AMPLITUD","LTRENDIDX","M","2001-11",99.76218,
"USA","CCI","AMPLITUD","LTRENDIDX","M","2001-12",100.1681,
"USA","CCI","AMPLITUD","LTRENDIDX","M","2002-01",100.5606,
"USA","CCI","AMPLITUD","LTRENDIDX","M","2002-02",100.7958,
"USA","CCI","AMPLITUD","LTRENDIDX","M","2002-03",101.0084,
"USA","CCI","AMPLITUD","LTRENDIDX","M","2002-04",101.0683,
"USA","CCI","AMPLITUD","LTRENDIDX","M","2002-05",101.0387,
"USA","CCI","AMPLITUD","LTRENDIDX","M","2002-06",100.7541,
"USA","CCI","AMPLITUD","LTRENDIDX","M","2002-07",100.373,
"USA","CCI","AMPLITUD","LTRENDIDX","M","2002-08",100.0589,
"USA","CCI","AMPLITUD","LTRENDIDX","M","2002-09",99.78413,
"USA","CCI","AMPLITUD","LTRENDIDX","M","2002-10",99.57671,
"USA","CCI","AMPLITUD","LTRENDIDX","M","2002-11",99.59379,
"USA","CCI","AMPLITUD","LTRENDIDX","M","2002-12",99.59091,
"USA","CCI","AMPLITUD","LTRENDIDX","M","2003-01",99.38805,
"USA","CCI","AMPLITUD","LTRENDIDX","M","2003-02",99.20814,
"USA","CCI","AMPLITUD","LTRENDIDX","M","2003-03",99.30265,
"USA","CCI","AMPLITUD","LTRENDIDX","M","2003-04",99.79606,
"USA","CCI","AMPLITUD","LTRENDIDX","M","2003-05",100.2825,
"USA","CCI","AMPLITUD","LTRENDIDX","M","2003-06",100.46,
"USA","CCI","AMPLITUD","LTRENDIDX","M","2003-07",100.4626,
"USA","CCI","AMPLITUD","LTRENDIDX","M","2003-08",100.3609,
"USA","CCI","AMPLITUD","LTRENDIDX","M","2003-09",100.3207,
"USA","CCI","AMPLITUD","LTRENDIDX","M","2003-10",100.4893,
"USA","CCI","AMPLITUD","LTRENDIDX","M","2003-11",100.8215,
"USA","CCI","AMPLITUD","LTRENDIDX","M","2003-12",101.1662,
"USA","CCI","AMPLITUD","LTRENDIDX","M","2004-01",101.484,
"USA","CCI","AMPLITUD","LTRENDIDX","M","2004-02",101.3548,
"USA","CCI","AMPLITUD","LTRENDIDX","M","2004-03",101.1639,
"USA","CCI","AMPLITUD","LTRENDIDX","M","2004-04",100.9693,
"USA","CCI","AMPLITUD","LTRENDIDX","M","2004-05",100.8802,
"USA","CCI","AMPLITUD","LTRENDIDX","M","2004-06",101.037,
"USA","CCI","AMPLITUD","LTRENDIDX","M","2004-07",101.1637,
"USA","CCI","AMPLITUD","LTRENDIDX","M","2004-08",101.1356,
"USA","CCI","AMPLITUD","LTRENDIDX","M","2004-09",101.0005,
"USA","CCI","AMPLITUD","LTRENDIDX","M","2004-10",100.899,
"USA","CCI","AMPLITUD","LTRENDIDX","M","2004-11",100.972,
"USA","CCI","AMPLITUD","LTRENDIDX","M","2004-12",101.1264,
"USA","CCI","AMPLITUD","LTRENDIDX","M","2005-01",101.1096,
"USA","CCI","AMPLITUD","LTRENDIDX","M","2005-02",100.9326,
"USA","CCI","AMPLITUD","LTRENDIDX","M","2005-03",100.6716,
"USA","CCI","AMPLITUD","LTRENDIDX","M","2005-04",100.4573,
"USA","CCI","AMPLITUD","LTRENDIDX","M","2005-05",100.5346,
"USA","CCI","AMPLITUD","LTRENDIDX","M","2005-06",100.8191,
"USA","CCI","AMPLITUD","LTRENDIDX","M","2005-07",100.7127,
"USA","CCI","AMPLITUD","LTRENDIDX","M","2005-08",100.0402,
"USA","CCI","AMPLITUD","LTRENDIDX","M","2005-09",99.22269,
"USA","CCI","AMPLITUD","LTRENDIDX","M","2005-10",98.95738,
"USA","CCI","AMPLITUD","LTRENDIDX","M","2005-11",99.39706,
"USA","CCI","AMPLITUD","LTRENDIDX","M","2005-12",100.0531,
"USA","CCI","AMPLITUD","LTRENDIDX","M","2006-01",100.3491,
"USA","CCI","AMPLITUD","LTRENDIDX","M","2006-02",100.2938,
"USA","CCI","AMPLITUD","LTRENDIDX","M","2006-03",100.1444,
"USA","CCI","AMPLITUD","LTRENDIDX","M","2006-04",99.85829,
"USA","CCI","AMPLITUD","LTRENDIDX","M","2006-05",99.53763,
"USA","CCI","AMPLITUD","LTRENDIDX","M","2006-06",99.51402,
"USA","CCI","AMPLITUD","LTRENDIDX","M","2006-07",99.55513,
"USA","CCI","AMPLITUD","LTRENDIDX","M","2006-08",99.66686,
"USA","CCI","AMPLITUD","LTRENDIDX","M","2006-09",100.0254,
"USA","CCI","AMPLITUD","LTRENDIDX","M","2006-10",100.5028,
"USA","CCI","AMPLITUD","LTRENDIDX","M","2006-11",100.7655,
"USA","CCI","AMPLITUD","LTRENDIDX","M","2006-12",100.8967,
"USA","CCI","AMPLITUD","LTRENDIDX","M","2007-01",100.9331,
"USA","CCI","AMPLITUD","LTRENDIDX","M","2007-02",100.6794,
"USA","CCI","AMPLITUD","LTRENDIDX","M","2007-03",100.3704,
"USA","CCI","AMPLITUD","LTRENDIDX","M","2007-04",100.1726,
"USA","CCI","AMPLITUD","LTRENDIDX","M","2007-05",100.104,
"USA","CCI","AMPLITUD","LTRENDIDX","M","2007-06",100.0578,
"USA","CCI","AMPLITUD","LTRENDIDX","M","2007-07",100.0315,
"USA","CCI","AMPLITUD","LTRENDIDX","M","2007-08",99.77094,
"USA","CCI","AMPLITUD","LTRENDIDX","M","2007-09",99.48092,
"USA","CCI","AMPLITUD","LTRENDIDX","M","2007-10",99.14612,
"USA","CCI","AMPLITUD","LTRENDIDX","M","2007-11",98.82121,
"USA","CCI","AMPLITUD","LTRENDIDX","M","2007-12",98.63004,
"USA","CCI","AMPLITUD","LTRENDIDX","M","2008-01",98.4463,
"USA","CCI","AMPLITUD","LTRENDIDX","M","2008-02",98.00407,
"USA","CCI","AMPLITUD","LTRENDIDX","M","2008-03",97.47092,
"USA","CCI","AMPLITUD","LTRENDIDX","M","2008-04",96.86995,
"USA","CCI","AMPLITUD","LTRENDIDX","M","2008-05",96.43847,
"USA","CCI","AMPLITUD","LTRENDIDX","M","2008-06",96.30278,
"USA","CCI","AMPLITUD","LTRENDIDX","M","2008-07",96.53384,
"USA","CCI","AMPLITUD","LTRENDIDX","M","2008-08",96.82657,
"USA","CCI","AMPLITUD","LTRENDIDX","M","2008-09",96.91309,
"USA","CCI","AMPLITUD","LTRENDIDX","M","2008-10",96.51158,
"USA","CCI","AMPLITUD","LTRENDIDX","M","2008-11",96.21967,
"USA","CCI","AMPLITUD","LTRENDIDX","M","2008-12",96.21117,
"USA","CCI","AMPLITUD","LTRENDIDX","M","2009-01",96.21937,
"USA","CCI","AMPLITUD","LTRENDIDX","M","2009-02",96.18975,
"USA","CCI","AMPLITUD","LTRENDIDX","M","2009-03",96.41946,
"USA","CCI","AMPLITUD","LTRENDIDX","M","2009-04",96.92922,
"USA","CCI","AMPLITUD","LTRENDIDX","M","2009-05",97.36785,
"USA","CCI","AMPLITUD","LTRENDIDX","M","2009-06",97.54945,
"USA","CCI","AMPLITUD","LTRENDIDX","M","2009-07",97.49802,
"USA","CCI","AMPLITUD","LTRENDIDX","M","2009-08",97.54771,
"USA","CCI","AMPLITUD","LTRENDIDX","M","2009-09",97.75002,
"USA","CCI","AMPLITUD","LTRENDIDX","M","2009-10",97.78373,
"USA","CCI","AMPLITUD","LTRENDIDX","M","2009-11",97.79969,
"USA","CCI","AMPLITUD","LTRENDIDX","M","2009-12",97.99776,
"USA","CCI","AMPLITUD","LTRENDIDX","M","2010-01",98.18137,
"USA","CCI","AMPLITUD","LTRENDIDX","M","2010-02",98.24395,
"USA","CCI","AMPLITUD","LTRENDIDX","M","2010-03",98.24043,
"USA","CCI","AMPLITUD","LTRENDIDX","M","2010-04",98.21723,
"USA","CCI","AMPLITUD","LTRENDIDX","M","2010-05",98.21579,
"USA","CCI","AMPLITUD","LTRENDIDX","M","2010-06",98.10784,
"USA","CCI","AMPLITUD","LTRENDIDX","M","2010-07",97.78477,
"USA","CCI","AMPLITUD","LTRENDIDX","M","2010-08",97.58774,
"USA","CCI","AMPLITUD","LTRENDIDX","M","2010-09",97.53004,
"USA","CCI","AMPLITUD","LTRENDIDX","M","2010-10",97.64184,
"USA","CCI","AMPLITUD","LTRENDIDX","M","2010-11",97.93387,
"USA","CCI","AMPLITUD","LTRENDIDX","M","2010-12",98.21856,
"USA","CCI","AMPLITUD","LTRENDIDX","M","2011-01",98.34145,
"USA","CCI","AMPLITUD","LTRENDIDX","M","2011-02",98.28577,
"USA","CCI","AMPLITUD","LTRENDIDX","M","2011-03",98.00932,
"USA","CCI","AMPLITUD","LTRENDIDX","M","2011-04",97.94303,
"USA","CCI","AMPLITUD","LTRENDIDX","M","2011-05",97.92521,
"USA","CCI","AMPLITUD","LTRENDIDX","M","2011-06",97.57652,
"USA","CCI","AMPLITUD","LTRENDIDX","M","2011-07",96.92179,
"USA","CCI","AMPLITUD","LTRENDIDX","M","2011-08",96.36295,
"USA","CCI","AMPLITUD","LTRENDIDX","M","2011-09",96.28672,
"USA","CCI","AMPLITUD","LTRENDIDX","M","2011-10",96.54963,
"USA","CCI","AMPLITUD","LTRENDIDX","M","2011-11",97.05093,
"USA","CCI","AMPLITUD","LTRENDIDX","M","2011-12",97.67103,
"USA","CCI","AMPLITUD","LTRENDIDX","M","2012-01",98.19968,
"USA","CCI","AMPLITUD","LTRENDIDX","M","2012-02",98.49439,
"USA","CCI","AMPLITUD","LTRENDIDX","M","2012-03",98.63642,
"USA","CCI","AMPLITUD","LTRENDIDX","M","2012-04",98.67622,
"USA","CCI","AMPLITUD","LTRENDIDX","M","2012-05",98.61229,
"USA","CCI","AMPLITUD","LTRENDIDX","M","2012-06",98.37817,
"USA","CCI","AMPLITUD","LTRENDIDX","M","2012-07",98.29568,
"USA","CCI","AMPLITUD","LTRENDIDX","M","2012-08",98.4902,
"USA","CCI","AMPLITUD","LTRENDIDX","M","2012-09",98.85239,
"USA","CCI","AMPLITUD","LTRENDIDX","M","2012-10",99.11213,
"USA","CCI","AMPLITUD","LTRENDIDX","M","2012-11",99.01321,
"USA","CCI","AMPLITUD","LTRENDIDX","M","2012-12",98.63078,
"USA","CCI","AMPLITUD","LTRENDIDX","M","2013-01",98.48375,
"USA","CCI","AMPLITUD","LTRENDIDX","M","2013-02",98.60169,
"USA","CCI","AMPLITUD","LTRENDIDX","M","2013-03",98.79272,
"USA","CCI","AMPLITUD","LTRENDIDX","M","2013-04",99.03567,
"USA","CCI","AMPLITUD","LTRENDIDX","M","2013-05",99.42316,
"USA","CCI","AMPLITUD","LTRENDIDX","M","2013-06",99.6235,
"USA","CCI","AMPLITUD","LTRENDIDX","M","2013-07",99.58033,
"USA","CCI","AMPLITUD","LTRENDIDX","M","2013-08",99.25862,
"USA","CCI","AMPLITUD","LTRENDIDX","M","2013-09",98.8221,
"USA","CCI","AMPLITUD","LTRENDIDX","M","2013-10",98.55223,
"USA","CCI","AMPLITUD","LTRENDIDX","M","2013-11",98.66734,
"USA","CCI","AMPLITUD","LTRENDIDX","M","2013-12",99.01525,
"USA","CCI","AMPLITUD","LTRENDIDX","M","2014-01",99.2133,
"USA","CCI","AMPLITUD","LTRENDIDX","M","2014-02",99.2936,
"USA","CCI","AMPLITUD","LTRENDIDX","M","2014-03",99.33056,
"USA","CCI","AMPLITUD","LTRENDIDX","M","2014-04",99.41423,
"USA","CCI","AMPLITUD","LTRENDIDX","M","2014-05",99.39862,
"USA","CCI","AMPLITUD","LTRENDIDX","M","2014-06",99.36835,
"USA","CCI","AMPLITUD","LTRENDIDX","M","2014-07",99.35897,
"USA","CCI","AMPLITUD","LTRENDIDX","M","2014-08",99.46773,
"USA","CCI","AMPLITUD","LTRENDIDX","M","2014-09",99.7019,
"USA","CCI","AMPLITUD","LTRENDIDX","M","2014-10",100.0311,
"USA","CCI","AMPLITUD","LTRENDIDX","M","2014-11",100.435,
"USA","CCI","AMPLITUD","LTRENDIDX","M","2014-12",100.8829,
"USA","CCI","AMPLITUD","LTRENDIDX","M","2015-01",101.1847,
"USA","CCI","AMPLITUD","LTRENDIDX","M","2015-02",101.1873,
"USA","CCI","AMPLITUD","LTRENDIDX","M","2015-03",101.0771,
"USA","CCI","AMPLITUD","LTRENDIDX","M","2015-04",101.0146,
"USA","CCI","AMPLITUD","LTRENDIDX","M","2015-05",100.9228,
"USA","CCI","AMPLITUD","LTRENDIDX","M","2015-06",100.9389,
"USA","CCI","AMPLITUD","LTRENDIDX","M","2015-07",100.8079,
"USA","CCI","AMPLITUD","LTRENDIDX","M","2015-08",100.5916,
"USA","CCI","AMPLITUD","LTRENDIDX","M","2015-09",100.3966,
"USA","CCI","AMPLITUD","LTRENDIDX","M","2015-10",100.43,
"USA","CCI","AMPLITUD","LTRENDIDX","M","2015-11",100.563,
"USA","CCI","AMPLITUD","LTRENDIDX","M","2015-12",100.6738,
"USA","CCI","AMPLITUD","LTRENDIDX","M","2016-01",100.6888,
"USA","CCI","AMPLITUD","LTRENDIDX","M","2016-02",100.6462,
"USA","CCI","AMPLITUD","LTRENDIDX","M","2016-03",100.6007,
"USA","CCI","AMPLITUD","LTRENDIDX","M","2016-04",100.6259,
"USA","CCI","AMPLITUD","LTRENDIDX","M","2016-05",100.7656,
"USA","CCI","AMPLITUD","LTRENDIDX","M","2016-06",100.7404,
"USA","CCI","AMPLITUD","LTRENDIDX","M","2016-07",100.5729,
"USA","CCI","AMPLITUD","LTRENDIDX","M","2016-08",100.452,
"USA","CCI","AMPLITUD","LTRENDIDX","M","2016-09",100.4301,
"USA","CCI","AMPLITUD","LTRENDIDX","M","2016-10",100.5179,
"USA","CCI","AMPLITUD","LTRENDIDX","M","2016-11",100.8938,
"USA","CCI","AMPLITUD","LTRENDIDX","M","2016-12",101.279,
"USA","CCI","AMPLITUD","LTRENDIDX","M","2017-01",101.4482,
"USA","CCI","AMPLITUD","LTRENDIDX","M","2017-02",101.4342,
"USA","CCI","AMPLITUD","LTRENDIDX","M","2017-03",101.3993,
"USA","CCI","AMPLITUD","LTRENDIDX","M","2017-04",101.3541,
"USA","CCI","AMPLITUD","LTRENDIDX","M","2017-05",101.2728,
"USA","CCI","AMPLITUD","LTRENDIDX","M","2017-06",101.152,
"USA","CCI","AMPLITUD","LTRENDIDX","M","2017-07",101.1052,
"USA","CCI","AMPLITUD","LTRENDIDX","M","2017-08",101.2153,
"USA","CCI","AMPLITUD","LTRENDIDX","M","2017-09",101.3531,
"USA","CCI","AMPLITUD","LTRENDIDX","M","2017-10",101.524,
"USA","CCI","AMPLITUD","LTRENDIDX","M","2017-11",101.5011,
"USA","CCI","AMPLITUD","LTRENDIDX","M","2017-12",101.4068,
"USA","CCI","AMPLITUD","LTRENDIDX","M","2018-01",101.4403,
"USA","CCI","AMPLITUD","LTRENDIDX","M","2018-02",101.6222,
"USA","CCI","AMPLITUD","LTRENDIDX","M","2018-03",101.7353,
"USA","CCI","AMPLITUD","LTRENDIDX","M","2018-04",101.6784,
"USA","CCI","AMPLITUD","LTRENDIDX","M","2018-05",101.5825,
"USA","CCI","AMPLITUD","LTRENDIDX","M","2018-06",101.5177,
"USA","CCI","AMPLITUD","LTRENDIDX","M","2018-07",101.4826,
"USA","CCI","AMPLITUD","LTRENDIDX","M","2018-08",101.4951,
"USA","CCI","AMPLITUD","LTRENDIDX","M","2018-09",101.5882,
"USA","CCI","AMPLITUD","LTRENDIDX","M","2018-10",101.5683,
"USA","CCI","AMPLITUD","LTRENDIDX","M","2018-11",101.4464,
"USA","CCI","AMPLITUD","LTRENDIDX","M","2018-12",101.2562,
"USA","CCI","AMPLITUD","LTRENDIDX","M","2019-01",101.0286,
"USA","CCI","AMPLITUD","LTRENDIDX","M","2019-02",101.089,
"USA","CCI","AMPLITUD","LTRENDIDX","M","2019-03",101.3321,
"USA","CCI","AMPLITUD","LTRENDIDX","M","2019-04",101.5102,
"USA","CCI","AMPLITUD","LTRENDIDX","M","2019-05",101.6082,
"USA","CCI","AMPLITUD","LTRENDIDX","M","2019-06",101.5036,
"USA","CCI","AMPLITUD","LTRENDIDX","M","2019-07",101.2452,
"USA","CCI","AMPLITUD","LTRENDIDX","M","2019-08",100.9152,
"USA","CCI","AMPLITUD","LTRENDIDX","M","2019-09",100.9152,
"USA","CCI","AMPLITUD","LTRENDIDX","M","2019-10",101.1412,
"USA","CCI","AMPLITUD","LTRENDIDX","M","2019-11",101.4407,
"USA","CCI","AMPLITUD","LTRENDIDX","M","2019-12",101.6945,
"USA","CCI","AMPLITUD","LTRENDIDX","M","2020-01",101.6927,
"USA","CCI","AMPLITUD","LTRENDIDX","M","2020-02",101.2157,
"USA","CCI","AMPLITUD","LTRENDIDX","M","2020-03",100.1038,
"USA","CCI","AMPLITUD","LTRENDIDX","M","2020-04",98.89426,
"USA","CCI","AMPLITUD","LTRENDIDX","M","2020-05",98.3371,
"USA","CCI","AMPLITUD","LTRENDIDX","M","2020-06",98.28164,
"USA","CCI","AMPLITUD","LTRENDIDX","M","2020-07",98.30112,
"USA","CCI","AMPLITUD","LTRENDIDX","M","2020-08",98.52663,
"USA","CCI","AMPLITUD","LTRENDIDX","M","2020-09",98.87592,
"USA","CCI","AMPLITUD","LTRENDIDX","M","2020-10",99.04267,
"USA","CCI","AMPLITUD","LTRENDIDX","M","2020-11",98.99284,
"USA","CCI","AMPLITUD","LTRENDIDX","M","2020-12",98.98584,
"USA","CCI","AMPLITUD","LTRENDIDX","M","2021-01",98.96664,
"USA","CCI","AMPLITUD","LTRENDIDX","M","2021-02",99.08282,
"USA","CCI","AMPLITUD","LTRENDIDX","M","2021-03",99.47561,
